*** Test Cases ***,${id}
Test 1,1
Test 2,2
Test 3,3
Test 4,4
Test 5,5
Test 6,6
Test 7,7
Test 8,8
Test 9,9
Test 10,10
Test 11,11
Test 12,12
Test 13,13
Test 14,14
Test 15,15
Test 16,16
Test 17,17
Test 18,18
Test 19,19
Test 20,20
Test 21,21
Test 22,22
Test 23,23
Test 24,24
Test 25,25
Test 26,26
Test 27,27
Test 28,28
Test 29,29
Test 30,30
Test 31,31
Test 32,32
Test 33,33
Test 34,34
Test 35,35
Test 36,36
Test 37,37
Test 38,38
Test 39,39
Test 40,40
Test 41,41
Test 42,42
Test 43,43
Test 44,44
Test 45,45
Test 46,46
Test 47,47
Test 48,48
Test 49,49
Test 50,50
Test 51,51
Test 52,52
Test 53,53
Test 54,54
Test 55,55
Test 56,56
Test 57,57
Test 58,58
Test 59,59
Test 60,60
Test 61,61
Test 62,62
Test 63,63
Test 64,64
Test 65,65
Test 66,66
Test 67,67
Test 68,68
Test 69,69
Test 70,70
Test 71,71
Test 72,72
Test 73,73
Test 74,74
Test 75,75
Test 76,76
Test 77,77
Test 78,78
Test 79,79
Test 80,80
Test 81,81
Test 82,82
Test 83,83
Test 84,84
Test 85,85
Test 86,86
Test 87,87
Test 88,88
Test 89,89
Test 90,90
Test 91,91
Test 92,92
Test 93,93
Test 94,94
Test 95,95
Test 96,96
Test 97,97
Test 98,98
Test 99,99
Test 100,100
